{
    "name": "root",
    "gauges": {
        "Walker.Policy.Entropy.mean": {
            "value": -0.7716522812843323,
            "min": -0.7716522812843323,
            "max": -0.7713082432746887,
            "count": 4
        },
        "Walker.Policy.Entropy.sum": {
            "value": -6994.25634765625,
            "min": -6994.25634765625,
            "max": -5084.46435546875,
            "count": 4
        },
        "Walker.Environment.EpisodeLength.mean": {
            "value": 75.83898305084746,
            "min": 75.83898305084746,
            "max": 86.15492957746478,
            "count": 4
        },
        "Walker.Environment.EpisodeLength.sum": {
            "value": 8949.0,
            "min": 6117.0,
            "max": 8949.0,
            "count": 4
        },
        "Walker.Step.mean": {
            "value": 37646940.0,
            "min": 37619995.0,
            "max": 37646940.0,
            "count": 4
        },
        "Walker.Step.sum": {
            "value": 37646940.0,
            "min": 37619995.0,
            "max": 37646940.0,
            "count": 4
        },
        "Walker.Policy.ExtrinsicValueEstimate.mean": {
            "value": -2203.66552734375,
            "min": -2265.276611328125,
            "max": -2083.0947265625,
            "count": 4
        },
        "Walker.Policy.ExtrinsicValueEstimate.sum": {
            "value": -260032.53125,
            "min": -260506.8125,
            "max": -145816.625,
            "count": 4
        },
        "Walker.Environment.CumulativeReward.mean": {
            "value": 10.512436688956567,
            "min": 10.512436688956567,
            "max": 232.31192888532365,
            "count": 4
        },
        "Walker.Environment.CumulativeReward.sum": {
            "value": 1240.467529296875,
            "min": 1240.467529296875,
            "max": 25948.29541015625,
            "count": 4
        },
        "Walker.Policy.ExtrinsicReward.mean": {
            "value": 10.512436688956567,
            "min": 10.512436688956567,
            "max": 232.31192888532365,
            "count": 4
        },
        "Walker.Policy.ExtrinsicReward.sum": {
            "value": 1240.467529296875,
            "min": 1240.467529296875,
            "max": 25948.29541015625,
            "count": 4
        },
        "Walker.IsTraining.mean": {
            "value": 1.0,
            "min": 1.0,
            "max": 1.0,
            "count": 4
        },
        "Walker.IsTraining.sum": {
            "value": 1.0,
            "min": 1.0,
            "max": 1.0,
            "count": 4
        },
        "Walker.Losses.PolicyLoss.mean": {
            "value": 0.0055436236240590615,
            "min": 0.0055436236240590615,
            "max": 0.0055436236240590615,
            "count": 1
        },
        "Walker.Losses.PolicyLoss.sum": {
            "value": 0.0055436236240590615,
            "min": 0.0055436236240590615,
            "max": 0.0055436236240590615,
            "count": 1
        },
        "Walker.Losses.ValueLoss.mean": {
            "value": 1994414.625,
            "min": 1994414.625,
            "max": 1994414.625,
            "count": 1
        },
        "Walker.Losses.ValueLoss.sum": {
            "value": 1994414.625,
            "min": 1994414.625,
            "max": 1994414.625,
            "count": 1
        },
        "Walker.Policy.LearningRate.mean": {
            "value": 0.0008745517825448232,
            "min": 0.0008745517825448232,
            "max": 0.0008745517825448232,
            "count": 1
        },
        "Walker.Policy.LearningRate.sum": {
            "value": 0.0008745517825448232,
            "min": 0.0008745517825448232,
            "max": 0.0008745517825448232,
            "count": 1
        },
        "Walker.Policy.Epsilon.mean": {
            "value": 0.18745517700000003,
            "min": 0.18745517700000003,
            "max": 0.18745517700000003,
            "count": 1
        },
        "Walker.Policy.Epsilon.sum": {
            "value": 0.18745517700000003,
            "min": 0.18745517700000003,
            "max": 0.18745517700000003,
            "count": 1
        },
        "Walker.Policy.Beta.mean": {
            "value": 0.0043740133323,
            "min": 0.0043740133323,
            "max": 0.0043740133323,
            "count": 1
        },
        "Walker.Policy.Beta.sum": {
            "value": 0.0043740133323,
            "min": 0.0043740133323,
            "max": 0.0043740133323,
            "count": 1
        }
    },
    "metadata": {
        "timer_format_version": "0.1.0",
        "start_time_seconds": "1714097270",
        "python_version": "3.10.12 | packaged by Anaconda, Inc. | (main, Jul  5 2023, 19:01:18) [MSC v.1916 64 bit (AMD64)]",
        "command_line_arguments": "C:\\Users\\leocf\\.conda\\envs\\mlagents\\Scripts\\mlagents-learn C:\\Users\\leocf\\OneDrive\\Documents\\My Programs\\ML Playground\\Assets\\Models\\results\\ppo\\configuration.yaml --resume",
        "mlagents_version": "1.0.0",
        "mlagents_envs_version": "1.0.0",
        "communication_protocol_version": "1.5.0",
        "pytorch_version": "2.2.2+cu121",
        "numpy_version": "1.23.2",
        "end_time_seconds": "1714097346"
    },
    "total": 76.66448830001173,
    "count": 1,
    "self": 0.005449300020700321,
    "children": {
        "run_training.setup": {
            "total": 0.06702399998903275,
            "count": 1,
            "self": 0.06702399998903275
        },
        "TrainerController.start_learning": {
            "total": 76.592015000002,
            "count": 1,
            "self": 0.07784160159644671,
            "children": {
                "TrainerController._reset_env": {
                    "total": 4.844187799986685,
                    "count": 1,
                    "self": 4.844187799986685
                },
                "TrainerController.advance": {
                    "total": 71.51279299843009,
                    "count": 4852,
                    "self": 0.07302749762311578,
                    "children": {
                        "env_step": {
                            "total": 63.860465999750886,
                            "count": 4852,
                            "self": 52.12372410035459,
                            "children": {
                                "SubprocessEnvManager._take_step": {
                                    "total": 11.68768320028903,
                                    "count": 4852,
                                    "self": 0.22970930000883527,
                                    "children": {
                                        "TorchPolicy.evaluate": {
                                            "total": 11.457973900280194,
                                            "count": 4487,
                                            "self": 11.457973900280194
                                        }
                                    }
                                },
                                "workers": {
                                    "total": 0.04905869910726324,
                                    "count": 4851,
                                    "self": 0.0,
                                    "children": {
                                        "worker_root": {
                                            "total": 63.593215299828444,
                                            "count": 4851,
                                            "is_parallel": true,
                                            "self": 24.680720599048072,
                                            "children": {
                                                "steps_from_proto": {
                                                    "total": 0.0005175000114832073,
                                                    "count": 1,
                                                    "is_parallel": true,