{
    "name": "root",
    "gauges": {
        "Walker.Policy.Entropy.mean": {
            "value": -0.6350060105323792,
            "min": -0.6350060105323792,
            "max": -0.46673205494880676,
            "count": 425
        },
        "Walker.Policy.Entropy.sum": {
            "value": -5867.45556640625,
            "min": -6168.2265625,
            "max": -3431.4140625,
            "count": 425
        },
        "Walker.Environment.EpisodeLength.mean": {
            "value": 97.64893617021276,
            "min": 79.28571428571429,
            "max": 118.84210526315789,
            "count": 425
        },
        "Walker.Environment.EpisodeLength.sum": {
            "value": 9179.0,
            "min": 6890.0,
            "max": 9179.0,
            "count": 425
        },
        "Walker.Step.mean": {
            "value": 32525963.0,
            "min": 28709782.0,
            "max": 32525963.0,
            "count": 425
        },
        "Walker.Step.sum": {
            "value": 32525963.0,
            "min": 28709782.0,
            "max": 32525963.0,
            "count": 425
        },
        "Walker.Policy.ExtrinsicValueEstimate.mean": {
            "value": -1880.0985107421875,
            "min": -2517.911376953125,
            "max": -1111.3541259765625,
            "count": 425
        },
        "Walker.Policy.ExtrinsicValueEstimate.sum": {
            "value": -176729.265625,
            "min": -257701.375,
            "max": -74460.7265625,
            "count": 425
        },
        "Walker.Environment.CumulativeReward.mean": {
            "value": 414.9610842440991,
            "min": -1746.3315831234581,
            "max": 2405.717672145113,
            "count": 425
        },
        "Walker.Environment.CumulativeReward.sum": {
            "value": 39006.34191894531,
            "min": -146308.1329345703,
            "max": 226137.46118164062,
            "count": 425
        },
        "Walker.Policy.ExtrinsicReward.mean": {
            "value": 414.9610842440991,
            "min": -1746.3315831234581,
            "max": 2405.717672145113,
            "count": 425
        },
        "Walker.Policy.ExtrinsicReward.sum": {
            "value": 39006.34191894531,
            "min": -146308.1329345703,
            "max": 226137.46118164062,
            "count": 425
        },
        "Walker.IsTraining.mean": {
            "value": 1.0,
            "min": 1.0,
            "max": 1.0,
            "count": 425
        },
        "Walker.IsTraining.sum": {
            "value": 1.0,
            "min": 1.0,
            "max": 1.0,
            "count": 425
        },
        "Walker.Losses.PolicyLoss.mean": {
            "value": 0.007147974368611661,
            "min": 0.00248545726450781,
            "max": 0.014679702270465592,
            "count": 186
        },
        "Walker.Losses.PolicyLoss.sum": {
            "value": 0.007147974368611661,
            "min": 0.00248545726450781,
            "max": 0.014679702270465592,
            "count": 186
        },
        "Walker.Losses.ValueLoss.mean": {
            "value": 2600597.0833333335,
            "min": 2431348.6666666665,
            "max": 3184790.7083333335,
            "count": 186
        },
        "Walker.Losses.ValueLoss.sum": {
            "value": 2600597.0833333335,
            "min": 2431348.6666666665,
            "max": 3184790.7083333335,
            "count": 186
        },
        "Walker.Policy.LearningRate.mean": {
            "value": 0.0008915884308411582,
            "min": 0.0008915884308411582,
            "max": 0.000904254682907866,
            "count": 186
        },
        "Walker.Policy.LearningRate.sum": {
            "value": 0.0008915884308411582,
            "min": 0.0008915884308411582,
            "max": 0.000904254682907866,
            "count": 186
        },
        "Walker.Policy.Epsilon.mean": {
            "value": 0.18915884200000002,
            "min": 0.18915884200000002,
            "max": 0.19042546733333335,
            "count": 186
        },
        "Walker.Policy.Epsilon.sum": {
            "value": 0.18915884200000002,
            "min": 0.18915884200000002,
            "max": 0.19042546733333335,
            "count": 186
        },
        "Walker.Policy.Beta.mean": {
            "value": 0.0044590262158,
            "min": 0.0044590262158,
            "max": 0.0045222308199333325,
            "count": 186
        },
        "Walker.Policy.Beta.sum": {
            "value": 0.0044590262158,
            "min": 0.0044590262158,
            "max": 0.0045222308199333325,
            "count": 186
        }
    },
    "metadata": {
        "timer_format_version": "0.1.0",
        "start_time_seconds": "1713806224",
        "python_version": "3.10.12 | packaged by Anaconda, Inc. | (main, Jul  5 2023, 19:01:18) [MSC v.1916 64 bit (AMD64)]",
        "command_line_arguments": "C:\\Users\\leocf\\.conda\\envs\\mlagents\\Scripts\\mlagents-learn C:\\Users\\leocf\\OneDrive\\Documents\\My Programs\\ML Playground\\Assets\\Models\\results\\ppo\\configuration.yaml --resume",
        "mlagents_version": "1.0.0",
        "mlagents_envs_version": "1.0.0",
        "communication_protocol_version": "1.5.0",
        "pytorch_version": "2.2.2+cu121",
        "numpy_version": "1.23.2",
        "end_time_seconds": "1713813401"
    },
    "total": 7176.807550900005,
    "count": 1,
    "self": 0.00594900000578491,
    "children": {
        "run_training.setup": {
            "total": 0.07466399999975692,
            "count": 1,
            "self": 0.07466399999975692
        },
        "TrainerController.start_learning": {
            "total": 7176.726937899999,
            "count": 1,
            "self": 8.629775601657457,
            "children": {
                "TrainerController._reset_env": {
                    "total": 6.815293200001179,
                    "count": 1,
                    "self": 6.815293200001179
                },
                "TrainerController.advance": {
                    "total": 7161.161820198344,
                    "count": 510017,
                    "self": 7.920542301202659,
                    "children": {
                        "env_step": {
                            "total": 6123.826300095905,
                            "count": 510017,
                            "self": 4708.771814992666,
                            "children": {
                                "SubprocessEnvManager._take_step": {
                                    "total": 1409.4973691042105,
                                    "count": 510018,
                                    "self": 26.843236006767256,
                                    "children": {
                                        "TorchPolicy.evaluate": {
                                            "total": 1382.6541330974433,
                                            "count": 478485,
                                            "self": 1382.6541330974433
                                        }
                                    }
                                },
                                "workers": {
                                    "total": 5.5571159990286105,
                                    "count": 510016,
                                    "self": 0.0,
                                    "children": {
                                        "worker_root": {
                                            "total": 7152.21403399788,
                                            "count": 510016,
                                            "is_parallel": true,
                                            "self": 2930.5887996998936,
                                            "children": {
                                                "steps_from_proto": {
                                                    "total": 0.0013158000074326992,
                                                    "count": 2,